,County_Name,population,pop_below_poverty,pct_below_poverty,Earnings by place of work,Employee and self-employed contributions for government social insurance,Employer contributions for employee pension and insurance funds 8,Employer contributions for government social insurance,Equals: Net earnings by place of residence,Farm income 2,Farm proprietors' income,Less: Contributions for government social insurance 5,Nonfarm personal income 1,Nonfarm proprietors' income,Per capita personal income (dollars) 4,Personal income (thousands of dollars),Plus: Adjustment for residence 6,"Plus: Dividends, interest, and rent 7",Plus: Personal current transfer receipts,Population (persons) 3,Proprietors employment,Proprietors' income 9,Supplements to wages and salaries,Total employment,Wage and salary employment,Wages and salaries,year,Employment_Accommodation,Employment_Accommodation_and_Food_Services,Employment_Administrative_and_Support_Services,Employment_Administrative_and_Support_and_Waste_Management_and_Remediation_Services,"Employment_Agriculture,_Forestry,_Fishing_and_Hunting",Employment_Air_Transportation,Employment_Ambulatory_Health_Care_Services,"Employment_Amusement,_Gambling,_and_Recreation_Industries",Employment_Apparel_Manufacturing,"Employment_Arts,_Entertainment,_and_Recreation",Employment_Beverage_and_Tobacco_Product_Manufacturing,Employment_Broadcasting_(except_Internet),Employment_Building_Material_and_Garden_Equipment_and_Supplies_Dealers,Employment_Chemical_Manufacturing,Employment_Clothing_and_Clothing_Accessories_Stores,Employment_Computer_and_Electronic_Product_Manufacturing,Employment_Construction,Employment_Construction_of_Buildings,Employment_Couriers_and_Messengers,Employment_Credit_Intermediation_and_Related_Activities,"Employment_Data_Processing,_Hosting,_and_Related_Services",Employment_Educational_Services,"Employment_Electrical_Equipment,_Appliance,_and_Component_Manufacturing",Employment_Electronics_and_Appliance_Stores,Employment_Fabricated_Metal_Product_Manufacturing,Employment_Finance_and_Insurance,"Employment_Fishing,_Hunting_and_Trapping",Employment_Food_Manufacturing,Employment_Food_Services_and_Drinking_Places,Employment_Food_and_Beverage_Stores,Employment_Forestry_and_Logging,"Employment_Funds,_Trusts,_and_Other_Financial_Vehicles",Employment_Furniture_and_Home_Furnishings_Stores,Employment_Furniture_and_Related_Product_Manufacturing,Employment_Gasoline_Stations,Employment_General_Merchandise_Stores,Employment_Health_Care_and_Social_Assistance,Employment_Health_and_Personal_Care_Stores,Employment_Heavy_and_Civil_Engineering_Construction,Employment_Hospitals,Employment_Industries_not_classified,Employment_Information,Employment_Insurance_Carriers_and_Related_Activities,Employment_Lessors_of_Nonfinancial_Intangible_Assets_(except_Copyrighted_Works),Employment_Machinery_Manufacturing,Employment_Management_of_Companies_and_Enterprises,Employment_Manufacturing,"Employment_Merchant_Wholesalers,_Durable_Goods","Employment_Merchant_Wholesalers,_Nondurable_Goods",Employment_Mining_(except_Oil_and_Gas),"Employment_Mining,_Quarrying,_and_Oil_and_Gas_Extraction",Employment_Miscellaneous_Manufacturing,Employment_Miscellaneous_Store_Retailers,Employment_Motion_Picture_and_Sound_Recording_Industries,Employment_Motor_Vehicle_and_Parts_Dealers,"Employment_Museums,_Historical_Sites,_and_Similar_Institutions",Employment_Nonmetallic_Mineral_Product_Manufacturing,Employment_Nonstore_Retailers,Employment_Nursing_and_Residential_Care_Facilities,Employment_Other_Information_Services,Employment_Other_Services_(except_Public_Administration),Employment_Paper_Manufacturing,"Employment_Performing_Arts,_Spectator_Sports,_and_Related_Industries",Employment_Personal_and_Laundry_Services,Employment_Petroleum_and_Coal_Products_Manufacturing,Employment_Pipeline_Transportation,Employment_Plastics_and_Rubber_Products_Manufacturing,Employment_Primary_Metal_Manufacturing,Employment_Printing_and_Related_Support_Activities,"Employment_Professional,_Scientific,_and_Technical_Services",Employment_Publishing_Industries_(except_Internet),Employment_Real_Estate,Employment_Real_Estate_and_Rental_and_Leasing,"Employment_Religious,_Grantmaking,_Civic,_Professional,_and_Similar_Organizations",Employment_Rental_and_Leasing_Services,Employment_Repair_and_Maintenance,Employment_Retail_Trade,Employment_Scenic_and_Sightseeing_Transportation,"Employment_Securities,_Commodity_Contracts,_and_Other_Financial_Investments_and_Related_Activities",Employment_Social_Assistance,Employment_Specialty_Trade_Contractors,"Employment_Sporting_Goods,_Hobby,_Musical_Instrument,_and_Book_Stores",Employment_Support_Activities_for_Agriculture_and_Forestry,Employment_Support_Activities_for_Mining,Employment_Support_Activities_for_Transportation,Employment_Telecommunications,Employment_Textile_Mills,Employment_Textile_Product_Mills,Employment_Total,Employment_Transit_and_Ground_Passenger_Transportation,Employment_Transportation_Equipment_Manufacturing,Employment_Transportation_and_Warehousing,Employment_Truck_Transportation,Employment_Utilities,Employment_Warehousing_and_Storage,Employment_Waste_Management_and_Remediation_Services,Employment_Water_Transportation,Employment_Wholesale_Electronic_Markets_and_Agents_and_Brokers,Employment_Wholesale_Trade,Employment_Wood_Product_Manufacturing
0,Accomack County,"32,325","6,141",19.00%,1119986,67460,181644,129706,858335,25567,20126,132313,1580822,57189,49695,1606389,-129338,355088,392966,32325,3801,77315,246497,19926,16125,796174,2019,259.0,1010.0,398.0,421.0,20.0,,694.0,73.0,,88.0,,,90.0,,86.0,,291.0,96.0,,85.0,,60.0,,,,239.0,12.0,2930.0,751.0,242.0,,,16.0,,283.0,320.0,1145.0,57.0,35.0,,,114.0,146.0,,,,3082.0,31.0,78.0,,,,67.0,,97.0,9.0,56.0,49.0,,,395.0,,6.0,51.0,,,,,,840.0,,59.0,76.0,245.0,17.0,99.0,1337.0,,8.0,293.0,160.0,25.0,,,,77.0,,,9075.0,,,114.0,57.0,168.0,,,,,130.0,
1,Albemarle County,"100,293","9,142",9.10%,8516598,503727,1099244,847618,6196611,-1492,-11201,927536,11925057,861952,75885,11923565,-1392451,4541613,1185341,157126,27056,850751,1523053,136653,109597,6142794,2019,679.0,4921.0,2298.0,2374.0,109.0,138.0,4396.0,897.0,,1607.0,634.0,72.0,560.0,82.0,615.0,545.0,2292.0,582.0,294.0,573.0,16.0,1666.0,,88.0,79.0,2322.0,,22.0,4242.0,1415.0,11.0,,372.0,18.0,333.0,1291.0,8526.0,238.0,79.0,,10.0,750.0,1524.0,,108.0,964.0,2605.0,191.0,232.0,59.0,68.0,265.0,204.0,143.0,945.0,389.0,,641.0,2240.0,121.0,1637.0,,321.0,507.0,,,,,353.0,8306.0,202.0,774.0,895.0,827.0,121.0,303.0,6924.0,,223.0,846.0,1631.0,222.0,98.0,,59.0,196.0,,,41641.0,98.0,,682.0,65.0,,9.0,76.0,,24.0,447.0,154.0
2,Alleghany County,"14,830","2,925",19.70%,501496,38180,65423,58456,412284,-444,-783,67408,821559,18452,40015,821115,-21804,131915,276916,20520,1424,17669,94651,9760,8336,389176,2019,77.0,400.0,72.0,72.0,,,236.0,13.0,,15.0,,,34.0,,,,133.0,6.0,,29.0,,22.0,,,,46.0,,,323.0,89.0,,,,,76.0,74.0,859.0,29.0,57.0,,,24.0,16.0,,,,261.0,7.0,,,,,19.0,,28.0,,,38.0,405.0,,197.0,,,22.0,,,,,,72.0,,23.0,23.0,111.0,,64.0,396.0,,,,70.0,,,,,,,,2533.0,,,18.0,15.0,,,,,,27.0,96.0
3,Amelia County,"12,861","1,375",10.70%,170244,13804,19010,15622,353626,12812,9223,21615,559980,24982,43865,572792,204997,78275,140891,13058,1813,34205,26821,4615,2802,109218,2019,,120.0,61.0,95.0,39.0,,76.0,,,,,,8.0,,,,466.0,73.0,,18.0,,94.0,,,,32.0,,,118.0,,39.0,,,12.0,62.0,18.0,292.0,,11.0,,,13.0,14.0,,,,167.0,93.0,21.0,,,,,,18.0,,,,129.0,,102.0,,,15.0,,,,,,134.0,,11.0,11.0,43.0,,44.0,244.0,,,87.0,382.0,,,,,,,,1925.0,,,104.0,41.0,,,,,3.0,117.0,117.0
4,Amherst County,"30,994","4,327",14.00%,469950,38937,64076,49606,661161,-787,-1537,63740,1190613,35007,37560,1189826,254951,182621,346044,31678,2935,33470,88879,11571,8636,347601,2019,15.0,634.0,127.0,135.0,30.0,,162.0,26.0,,28.0,21.0,,209.0,,25.0,,484.0,91.0,,92.0,,984.0,,,167.0,115.0,,,619.0,259.0,28.0,,,13.0,102.0,277.0,688.0,54.0,,,,21.0,20.0,,262.0,134.0,1311.0,68.0,,,,,45.0,,129.0,,,23.0,194.0,,310.0,,,40.0,,,,,,394.0,,11.0,12.0,199.0,,71.0,1139.0,,,332.0,374.0,,,,,,,,6136.0,,,282.0,228.0,,,,,,175.0,48.0
5,Appomattox County,"15,624","2,062",13.20%,173150,16319,24220,16908,356267,-2546,-3399,24773,624064,20654,39084,621518,207890,88961,176290,15902,1757,17255,32674,5308,3551,123221,2019,18.0,261.0,34.0,37.0,59.0,,324.0,22.0,,28.0,,,84.0,,,,202.0,41.0,,79.0,,,,,58.0,96.0,,,243.0,96.0,58.0,,,,66.0,219.0,496.0,42.0,28.0,,,9.0,17.0,,,,92.0,46.0,,,,,26.0,,77.0,,,26.0,93.0,,204.0,,,32.0,,,,,8.0,90.0,,16.0,16.0,141.0,,31.0,690.0,,,79.0,133.0,22.0,,,,,,,2376.0,,,25.0,4.0,,,,,,67.0,
6,Arlington County,"230,287","15,625",6.80%,26118990,1456928,2994913,2799020,17124579,0,0,2856438,23390078,1412876,98116,23390078,-6137973,5132688,1132811,238392,35307,1412876,4394423,241448,206141,20311691,2019,4405.0,19137.0,10083.0,10088.0,,3418.0,3652.0,2249.0,,2796.0,,1018.0,145.0,,1622.0,14.0,1391.0,814.0,69.0,1544.0,1374.0,8990.0,,361.0,,3962.0,,121.0,14732.0,2213.0,,,341.0,,255.0,866.0,10585.0,930.0,183.0,,14.0,7663.0,697.0,17.0,,8550.0,206.0,564.0,67.0,,,4.0,319.0,379.0,779.0,10.0,6.0,301.0,1694.0,717.0,15492.0,,537.0,2353.0,,,,,31.0,100798.0,3383.0,2925.0,3389.0,12491.0,447.0,648.0,8318.0,,1719.0,2112.0,394.0,186.0,,,507.0,792.0,,,148180.0,712.0,,4825.0,46.0,,,5.0,,11.0,642.0,
7,Augusta County,"70,773","6,128",8.70%,3215529,223273,396442,331416,3267718,25425,17967,388981,5519631,319772,44917,5545056,441170,1037180,1240158,123452,13897,337739,562150,66458,52561,2315640,2019,294.0,1529.0,959.0,1021.0,14.0,,1167.0,39.0,,61.0,,,129.0,,206.0,43.0,1851.0,327.0,425.0,181.0,,216.0,,,807.0,307.0,,2127.0,1235.0,415.0,,,39.0,36.0,363.0,134.0,3834.0,89.0,150.0,,5.0,94.0,92.0,,701.0,54.0,5366.0,503.0,464.0,26.0,26.0,591.0,69.0,,579.0,,,118.0,455.0,,850.0,,22.0,103.0,,,500.0,,,916.0,,144.0,180.0,430.0,36.0,317.0,2197.0,,34.0,278.0,1374.0,47.0,11.0,,69.0,72.0,,,21666.0,,,2679.0,1053.0,,1114.0,62.0,,27.0,994.0,207.0
8,Bath County,"4,231",460,10.90%,135703,9449,17580,14588,114862,1488,999,16743,272339,6350,65682,273827,-4098,105319,53646,4169,594,7349,24874,2986,2392,103480,2019,953.0,1008.0,8.0,22.0,3.0,,,9.0,,11.0,,,,,,,102.0,24.0,,,,,,,,,,,55.0,37.0,,,,,9.0,9.0,270.0,,26.0,,,12.0,,,,,85.0,,,,,,6.0,,,,,,,,66.0,,,,,,,,,48.0,,36.0,37.0,53.0,,,78.0,,,,52.0,,,,,11.0,,,1872.0,,,,,,,,,,,73.0
9,Bedford County,"77,746","6,917",8.90%,1189208,100154,136570,122348,2180296,-5660,-7505,161328,3727551,147709,46857,3721891,1152416,722491,819104,79431,10292,140204,197744,30939,20647,851260,2019,97.0,1424.0,1637.0,1714.0,83.0,,981.0,249.0,,299.0,36.0,,422.0,344.0,77.0,1372.0,1353.0,483.0,,259.0,124.0,102.0,,,219.0,433.0,,55.0,1327.0,671.0,80.0,,34.0,238.0,212.0,354.0,2325.0,153.0,78.0,,3.0,183.0,137.0,,409.0,142.0,4106.0,251.0,236.0,,,55.0,112.0,,430.0,46.0,86.0,81.0,676.0,,1174.0,,4.0,293.0,,,17.0,,633.0,1840.0,11.0,226.0,242.0,656.0,16.0,225.0,2631.0,,37.0,250.0,792.0,71.0,3.0,,21.0,40.0,,,17799.0,4.0,,274.0,225.0,,,77.0,,,488.0,127.0
10,Bland County,"5,480",564,10.30%,138487,10278,22522,14820,120812,258,-91,17688,232125,8699,36933,232383,13,35741,75830,6292,668,8608,29932,2821,2153,99947,2019,,48.0,,,,,90.0,,,,,,,,,,24.0,,,,,,,,,,,,45.0,,,,,,51.0,,135.0,,,,,56.0,,,,,470.0,,,,,,,,13.0,,,,,,69.0,,,,,,,,,,,,,42.0,,24.0,93.0,,,,24.0,,,,,,,,1246.0,,,5.0,,,,,,,,
11,Botetourt County,"32,938","2,126",6.50%,731961,54930,86862,78130,1036106,-2306,-3588,93995,1711398,56513,51018,1709092,398140,319912,353074,33500,4283,52925,125927,16612,12329,553109,2019,104.0,891.0,683.0,706.0,,,362.0,82.0,,90.0,,,41.0,,,,1519.0,118.0,,191.0,,54.0,,,290.0,237.0,,,787.0,290.0,,,,,171.0,,1023.0,48.0,934.0,,,55.0,35.0,,1268.0,30.0,2851.0,360.0,265.0,,,,52.0,,48.0,,265.0,18.0,588.0,,579.0,,5.0,52.0,,,,,7.0,438.0,,104.0,143.0,372.0,20.0,155.0,730.0,,,73.0,467.0,5.0,,,38.0,34.0,,,10717.0,,,937.0,572.0,,300.0,23.0,,13.0,638.0,
12,Brunswick County,"14,128","2,883",20.40%,198299,17557,29509,21816,255914,-792,-2600,28465,535511,8072,33056,534719,86080,81478,197327,16176,1360,5472,40417,5364,4004,152410,2019,,122.0,413.0,442.0,241.0,,84.0,,,,,,25.0,,,,181.0,39.0,,23.0,,,,,,46.0,,,101.0,93.0,237.0,,,,86.0,,160.0,,,,,,23.0,,,,305.0,16.0,49.0,,,,,,,,,,74.0,,72.0,,,15.0,,,,,,92.0,,30.0,30.0,38.0,,19.0,271.0,,,2.0,139.0,,4.0,,,,,,2247.0,9.0,,119.0,108.0,98.0,,29.0,,,65.0,207.0
13,Buchanan County,"20,822","5,905",28.40%,495288,39893,62281,51070,367404,-296,-351,65428,773354,47883,36758,773058,-62456,87464,318190,21031,1106,47532,87816,8084,6978,359940,2019,,258.0,217.0,219.0,16.0,,204.0,,,22.0,,,23.0,,35.0,,168.0,27.0,,132.0,,,,,111.0,169.0,,,235.0,178.0,16.0,,32.0,,110.0,197.0,563.0,77.0,63.0,,,35.0,29.0,,15.0,,230.0,84.0,96.0,1515.0,1776.0,,,,52.0,,,,143.0,,185.0,,,30.0,,,,,,396.0,,19.0,28.0,55.0,,100.0,715.0,,,,78.0,,,261.0,,24.0,,,5090.0,,,170.0,156.0,,,,,,180.0,
14,Buckingham County,"14,856","2,340",15.80%,213881,17509,32501,21530,284436,2029,925,28274,519497,20267,30438,521526,98829,74072,163018,17134,1553,21192,43266,5158,3605,149423,2019,,98.0,33.0,37.0,89.0,,170.0,,,,,,8.0,,,,179.0,24.0,,17.0,,144.0,,,,23.0,,,95.0,111.0,88.0,,,,74.0,40.0,334.0,,50.0,,,,6.0,,,,138.0,18.0,,93.0,93.0,,,,58.0,,,13.0,,,167.0,,,12.0,,,,,,98.0,,5.0,5.0,114.0,,41.0,312.0,,,83.0,105.0,,,,,,,,1748.0,,,64.0,53.0,,,,,,30.0,87.0
15,Campbell County,"54,525","5,983",11.00%,4670118,302204,531780,522744,2788659,57,-1971,563576,5169824,209356,37702,5169881,-1317883,891779,1489443,137124,13302,207385,793152,90810,77508,3669581,2019,88.0,1487.0,726.0,852.0,47.0,,433.0,41.0,,213.0,,,108.0,,114.0,,2125.0,169.0,,269.0,,266.0,,16.0,2464.0,380.0,,574.0,1399.0,556.0,44.0,,,,255.0,404.0,1215.0,137.0,236.0,,,116.0,97.0,,99.0,1206.0,4508.0,578.0,100.0,,,5.0,102.0,,421.0,,29.0,38.0,369.0,,1057.0,,172.0,129.0,,,149.0,,142.0,1478.0,13.0,95.0,102.0,706.0,7.0,222.0,2225.0,,14.0,413.0,1720.0,40.0,,,85.0,93.0,,,17184.0,,214.0,586.0,435.0,,,126.0,,29.0,707.0,196.0
16,Caroline County,"28,019","2,466",8.80%,385963,30089,58319,40376,847477,2353,502,50277,1341030,33655,43694,1343383,511791,219950,275956,30745,3090,34157,78507,9712,6622,273299,2019,77.0,584.0,84.0,87.0,9.0,,89.0,,,127.0,,,26.0,,,,342.0,77.0,,,,148.0,,,,256.0,,,507.0,208.0,,,,,278.0,,318.0,,23.0,,,5.0,22.0,,,,294.0,52.0,288.0,,,,18.0,,11.0,,,,,,316.0,,,45.0,,,,,,280.0,,22.0,22.0,169.0,,102.0,640.0,,,98.0,242.0,,,,,,,,4091.0,,,276.0,130.0,220.0,,,,3.0,343.0,226.0
17,Carroll County,"29,538","4,315",14.60%,601741,49830,80197,64844,648234,648,-1446,82252,1291416,54536,35549,1292064,128745,182962,460868,36346,3657,53090,112619,16386,12729,436032,2019,141.0,629.0,119.0,124.0,,,279.0,47.0,,48.0,,,168.0,,41.0,,149.0,41.0,,68.0,,,,,,93.0,,,488.0,127.0,,,,,220.0,56.0,711.0,33.0,20.0,,,,24.0,,,,878.0,25.0,143.0,,,,7.0,,42.0,,47.0,,238.0,,220.0,,,26.0,,,,,,248.0,,26.0,38.0,103.0,12.0,91.0,733.0,,,194.0,88.0,,,,,,,,4077.0,,,118.0,101.0,,,,,,168.0,102.0
18,Charles City County,"6,984",919,13.20%,122030,9676,14366,12454,181328,4558,3364,15903,328231,9561,47753,332789,75201,70563,80898,6969,758,12925,20593,2587,1829,88512,2019,,33.0,41.0,85.0,24.0,,,,,39.0,,,,,,,365.0,,,,,12.0,,,50.0,4.0,,,,,24.0,,,14.0,70.0,,,,26.0,,,,,,,,358.0,39.0,,,,,,,,27.0,,,,,99.0,,,10.0,,,,,,110.0,,9.0,26.0,82.0,,7.0,120.0,,,,336.0,,,,,,,,1609.0,,,265.0,262.0,,,44.0,,,81.0,
19,Charlotte County,"11,801","2,798",23.70%,163439,14467,24165,16738,205157,-831,-2572,22836,423473,18742,35669,422642,64554,72017,145468,11849,1615,16170,32534,4766,3151,114735,2019,,127.0,47.0,47.0,108.0,,89.0,,,16.0,,,26.0,,,,69.0,22.0,,38.0,,,,,,50.0,,,96.0,88.0,108.0,,,,47.0,,298.0,,,,,,12.0,,,,500.0,58.0,,,,,,,25.0,,,,175.0,,72.0,,,23.0,,,,,,62.0,,11.0,11.0,41.0,,8.0,298.0,,,34.0,40.0,22.0,,,,,,,1897.0,,,200.0,135.0,,,,,,65.0,497.0
20,Chesterfield County,"339,423","23,060",6.80%,10066532,650937,1133676,1062236,13109606,2177,1280,1182055,19455611,876338,55063,19457788,4225129,3438154,2910028,353376,45044,877618,1664794,193488,148444,7524120,2019,1008.0,14126.0,6598.0,6947.0,22.0,,7190.0,3298.0,,3447.0,189.0,227.0,1709.0,1754.0,1485.0,45.0,10085.0,1589.0,3139.0,2701.0,379.0,2996.0,3.0,233.0,725.0,4422.0,,1441.0,13118.0,4841.0,,,382.0,74.0,1139.0,3426.0,13941.0,1104.0,1481.0,,20.0,1903.0,1375.0,,1742.0,1682.0,8932.0,3796.0,1498.0,,,387.0,1055.0,239.0,3077.0,62.0,279.0,3107.0,2939.0,164.0,4947.0,522.0,87.0,1820.0,,,943.0,414.0,96.0,20322.0,253.0,1075.0,1739.0,1804.0,643.0,1323.0,22084.0,,346.0,2809.0,7015.0,526.0,20.0,,199.0,641.0,,7.0,118013.0,89.0,32.0,6843.0,2765.0,1168.0,581.0,349.0,,140.0,5434.0,146.0
21,Clarke County,"14,176","1,080",7.60%,303632,22004,30811,28680,606319,2828,-1001,36344,969580,58243,66713,972408,339031,234620,131469,14576,2606,57242,45151,6973,4367,201239,2019,,212.0,86.0,98.0,11.0,,75.0,18.0,,19.0,,,18.0,,,,373.0,107.0,,,,510.0,,,31.0,83.0,,,165.0,51.0,,,,,78.0,,404.0,,172.0,,,12.0,10.0,,,,471.0,115.0,12.0,,,,18.0,,,,,68.0,161.0,,262.0,,,80.0,,,,,,242.0,,34.0,36.0,164.0,,18.0,274.0,,,168.0,94.0,,11.0,,,,,,2793.0,,,28.0,27.0,,,,,,128.0,
22,Craig County,"5,094",451,8.90%,45137,4865,6589,4202,107791,-1451,-1956,6966,200429,7876,38810,198978,69620,35685,55502,5127,642,5920,8690,1452,810,30527,2019,,23.0,9.0,9.0,4.0,,,,,,,,,,,,25.0,,,,,,,,,26.0,,,10.0,100.0,,,,,,,50.0,,,,,,,,,,,8.0,,,,,,,,,,,,,20.0,,,,,,,,,26.0,,,,10.0,,8.0,143.0,,,,15.0,,,,,,,,378.0,,,,,,,,,,13.0,
23,Culpeper County,"49,323","3,843",7.80%,1169965,79429,133658,115120,1645902,3341,-2054,136989,2494940,183565,47386,2498281,612926,414541,437838,52722,6562,181511,191218,23843,17281,797236,2019,117.0,1713.0,435.0,479.0,18.0,,492.0,357.0,,360.0,7.0,,357.0,,92.0,,925.0,175.0,,174.0,,178.0,,18.0,,253.0,,64.0,1596.0,451.0,15.0,,25.0,231.0,141.0,570.0,2324.0,117.0,65.0,,,771.0,50.0,,,120.0,1141.0,251.0,366.0,58.0,60.0,,105.0,,420.0,,32.0,94.0,669.0,,794.0,,,379.0,,,,,,1150.0,22.0,96.0,223.0,263.0,127.0,152.0,2447.0,,29.0,401.0,685.0,57.0,3.0,,30.0,116.0,,,13167.0,33.0,,215.0,146.0,,,44.0,,22.0,639.0,183.0
24,Cumberland County,"9,749","1,738",17.80%,86337,8128,11270,7314,219094,6230,5192,11785,374119,15992,38161,380349,144542,52260,108995,9967,1028,21184,14927,2404,1376,50226,2019,,65.0,19.0,33.0,36.0,,,,,,,,24.0,,,,103.0,25.0,,15.0,,,,,,19.0,,,65.0,37.0,36.0,,,,35.0,,71.0,,,,,14.0,,,,,105.0,,,,,,,,39.0,,,,,,34.0,,,,,,,,,46.0,,9.0,9.0,16.0,,17.0,164.0,,,32.0,71.0,,,,,,,,771.0,,,74.0,49.0,,,,,,,
25,Dickenson County,"14,272","3,665",25.70%,209001,19685,31731,21944,205200,-354,-421,30657,479579,9635,33524,479225,26856,54857,219168,14295,703,9214,42703,4475,3772,157084,2019,,215.0,49.0,50.0,21.0,,96.0,,,,,,,,,,96.0,7.0,,43.0,,,,,,65.0,,,203.0,152.0,21.0,,,,108.0,,320.0,59.0,59.0,,,15.0,22.0,,,,21.0,,13.0,,178.0,,7.0,,32.0,,,,,,73.0,,,21.0,,,,,,670.0,,,,19.0,,33.0,433.0,,,71.0,30.0,,,,,,,,1972.0,,,107.0,100.0,,,,,,24.0,
26,Dinwiddie County,"27,832","3,371",12.10%,1856197,129819,238657,210662,1650933,-2502,-3632,235150,3112517,65660,40661,3110015,29886,477328,981754,76486,6963,62028,343988,41676,34713,1450181,2019,23.0,364.0,113.0,142.0,34.0,,76.0,,,81.0,,,44.0,,,,426.0,48.0,,64.0,,88.0,,,,78.0,,,341.0,245.0,33.0,,,,120.0,,1368.0,52.0,28.0,,6.0,,14.0,,,,708.0,40.0,,,46.0,,,,48.0,,,,191.0,,234.0,,,59.0,,,,,,92.0,,19.0,76.0,84.0,57.0,91.0,548.0,,,53.0,350.0,,,,73.0,,,,5814.0,,,1499.0,374.0,,1052.0,29.0,,,91.0,
27,Essex County,"10,921","1,835",16.80%,192916,15735,24431,20744,238063,-3699,-4518,26107,471169,18773,42746,467470,71254,97329,132078,10936,1289,14255,34803,5178,3889,143858,2019,36.0,517.0,112.0,112.0,14.0,,169.0,14.0,,17.0,,,153.0,,47.0,,95.0,21.0,,82.0,,86.0,,,,116.0,,,481.0,108.0,,,22.0,9.0,56.0,280.0,579.0,42.0,,,,27.0,30.0,,,,506.0,48.0,23.0,,,,33.0,,106.0,,,,,,171.0,,,26.0,,,,,,162.0,,4.0,22.0,76.0,18.0,69.0,848.0,,,80.0,70.0,,,,,,,,3310.0,,,43.0,12.0,,,,,,71.0,188.0
28,Fairfax County,"1,135,370","69,450",6.10%,86066941,5166567,7675958,8914642,71279737,14822,12854,9623888,102379618,6387410,86031,102394440,-5163316,24048682,7066021,1190204,189384,6400264,12133279,935200,745816,67533398,2019,5091.0,47190.0,61193.0,62234.0,163.0,45.0,33402.0,6811.0,49.0,10637.0,334.0,767.0,3889.0,245.0,7886.0,1257.0,28896.0,7960.0,2750.0,21529.0,12749.0,27490.0,,1359.0,298.0,31021.0,,565.0,42099.0,11484.0,,,2069.0,230.0,1672.0,7878.0,66535.0,2872.0,2860.0,13298.0,39.0,40137.0,5817.0,524.0,30.0,37898.0,5804.0,12047.0,2889.0,50.0,81.0,745.0,2484.0,808.0,6261.0,735.0,287.0,1648.0,7157.0,2023.0,24341.0,,3091.0,7253.0,,,71.0,,1447.0,437350.0,13271.0,9222.0,11348.0,12632.0,1602.0,4456.0,51262.0,21.0,3674.0,12678.0,18076.0,1760.0,163.0,,1301.0,10519.0,,139.0,656234.0,2186.0,35.0,8696.0,1922.0,2750.0,266.0,1041.0,198.0,170.0,15106.0,
29,Fauquier County,"69,367","4,030",5.80%,1921075,125435,197482,177416,3380659,11507,97,214143,5116670,348058,71927,5128177,1673727,1189989,557529,71297,12218,348155,286190,36841,24623,1286730,2019,331.0,2489.0,606.0,675.0,58.0,7.0,1019.0,156.0,,306.0,261.0,,343.0,,142.0,88.0,2686.0,573.0,,643.0,,1016.0,,31.0,26.0,841.0,,27.0,2158.0,651.0,,,58.0,102.0,327.0,415.0,2617.0,169.0,298.0,,7.0,196.0,152.0,,119.0,,996.0,302.0,161.0,58.0,58.0,11.0,154.0,,598.0,74.0,258.0,89.0,234.0,,1621.0,,76.0,292.0,,,,,24.0,4224.0,55.0,188.0,225.0,857.0,37.0,472.0,3043.0,,46.0,283.0,1815.0,66.0,58.0,,109.0,18.0,,,19330.0,,,263.0,142.0,226.0,,69.0,,9.0,472.0,44.0
30,Floyd County,"15,605","1,613",10.30%,186821,17322,23033,18394,345484,-1201,-4552,26519,621266,33726,39255,620065,185182,107035,167546,15796,2560,29174,32230,6400,3840,125417,2019,26.0,159.0,119.0,119.0,19.0,,194.0,38.0,,52.0,53.0,,45.0,,,,262.0,126.0,,30.0,,32.0,,,,46.0,,77.0,133.0,152.0,17.0,,,16.0,75.0,54.0,685.0,,7.0,,,70.0,4.0,,,,464.0,15.0,17.0,,,,16.0,,17.0,,,32.0,,,161.0,,14.0,39.0,,,,,,142.0,,20.0,20.0,70.0,,52.0,405.0,,12.0,426.0,129.0,,,,,,,,2601.0,,,11.0,10.0,,,,,,32.0,24.0
31,Fluvanna County,"25,008","1,370",5.50%,321422,27505,40718,29124,752406,-975,-1511,42067,1246102,60048,45666,1245127,473051,252520,240201,27266,3196,58537,55280,7873,4677,207605,2019,,243.0,107.0,180.0,78.0,,73.0,,,12.0,,,28.0,,,,718.0,117.0,,18.0,,114.0,,,,31.0,,,224.0,141.0,75.0,,,,43.0,20.0,207.0,48.0,199.0,,,21.0,9.0,,,,144.0,137.0,,,,,,,,,,28.0,,,310.0,,,15.0,,,,,,184.0,,33.0,33.0,271.0,,24.0,341.0,,,72.0,402.0,,,,,11.0,,,2787.0,,,45.0,39.0,196.0,,73.0,,4.0,172.0,
32,Franklin County,"54,395","7,869",14.50%,876246,72881,105317,88204,1256632,1186,-3344,116983,2351037,125793,41866,2352223,497369,494303,601288,56185,6595,122449,149419,22879,16284,604378,2019,62.0,1181.0,775.0,802.0,54.0,,444.0,149.0,,150.0,14.0,,381.0,5.0,58.0,,1264.0,294.0,,233.0,,1912.0,,,23.0,293.0,,210.0,1119.0,384.0,37.0,,141.0,81.0,227.0,340.0,1514.0,113.0,93.0,,,113.0,53.0,,,32.0,2954.0,336.0,121.0,,17.0,20.0,136.0,25.0,227.0,,36.0,41.0,385.0,,572.0,,,140.0,,,1922.0,,,658.0,37.0,55.0,90.0,237.0,35.0,195.0,2064.0,,7.0,376.0,877.0,10.0,17.0,,,44.0,,,13069.0,,,205.0,195.0,,,27.0,,3.0,460.0,358.0
33,Frederick County,"84,827","5,229",6.20%,4299769,271097,496876,447390,4056851,-5606,-9640,494792,6105645,447038,51907,6100039,251874,1075441,967747,117519,14139,437398,720571,76886,62747,3141800,2019,335.0,2454.0,812.0,890.0,,,511.0,138.0,,152.0,,,369.0,427.0,70.0,,1844.0,404.0,212.0,1917.0,,386.0,,,594.0,2029.0,,944.0,2119.0,732.0,,,50.0,87.0,480.0,961.0,1825.0,152.0,38.0,,,252.0,91.0,,,1186.0,5601.0,1266.0,418.0,,,,158.0,,647.0,9.0,68.0,101.0,1062.0,,1316.0,,5.0,404.0,,,1534.0,,454.0,1514.0,8.0,160.0,258.0,530.0,98.0,382.0,3789.0,,21.0,252.0,1402.0,61.0,,,197.0,105.0,,,26243.0,28.0,13.0,2374.0,925.0,,1012.0,78.0,,54.0,1738.0,198.0
34,Giles County,"16,552","1,683",10.20%,290150,23572,40730,30300,380791,-746,-1231,38722,675977,23773,40450,675231,129363,96446,197994,16693,1614,22542,55880,6521,4907,211728,2019,75.0,445.0,15.0,30.0,,,92.0,,,13.0,,,60.0,,,,173.0,28.0,,61.0,,,,,90.0,72.0,,,370.0,142.0,,,,,106.0,,488.0,46.0,,,,36.0,11.0,,,,887.0,44.0,,,,,20.0,,54.0,,,,,,220.0,,,30.0,,,,,,610.0,13.0,9.0,16.0,78.0,,112.0,649.0,,,27.0,145.0,,,,,23.0,,,3464.0,,,29.0,10.0,,,15.0,,,76.0,
35,Gloucester County,"36,948","3,251",8.80%,555980,44535,73089,55916,1144670,1419,798,72493,1882903,62794,50250,1884322,661183,357020,382632,37499,3844,63592,101047,14212,10368,391341,2019,47.0,1099.0,155.0,260.0,6.0,,453.0,150.0,,165.0,,,407.0,,118.0,,677.0,158.0,,159.0,,140.0,,15.0,19.0,232.0,,,1052.0,390.0,,,34.0,,198.0,437.0,1296.0,112.0,60.0,,,100.0,52.0,,,,161.0,45.0,52.0,,,,105.0,,305.0,,,129.0,339.0,,495.0,,6.0,161.0,,,,,,572.0,60.0,67.0,93.0,190.0,26.0,144.0,2262.0,,21.0,137.0,459.0,12.0,,,6.0,,,,7580.0,82.0,,195.0,105.0,106.0,,105.0,,,97.0,
36,Goochland County,"21,706","1,133",5.20%,2395438,146525,180627,228208,1440807,-2301,-3852,260629,2494253,193746,104052,2491952,-694002,808089,243056,23949,4723,189894,294731,23430,18707,1910813,2019,,596.0,544.0,629.0,20.0,,155.0,545.0,,560.0,36.0,,53.0,,7.0,,1011.0,165.0,37.0,4956.0,,290.0,,,21.0,6028.0,,,593.0,214.0,10.0,,,,174.0,,470.0,18.0,308.0,,,13.0,691.0,,,11822.0,216.0,397.0,34.0,,81.0,44.0,,,148.0,9.0,,23.0,,,501.0,,6.0,155.0,,,,,,674.0,,128.0,150.0,263.0,,83.0,725.0,,50.0,46.0,538.0,3.0,10.0,,38.0,,,,18668.0,,,748.0,662.0,,,85.0,,33.0,464.0,
37,Grayson County,"14,699","3,076",20.90%,151162,16977,26083,16058,236965,-12549,-14128,25006,511870,21341,32061,499321,110809,78208,184148,15574,1966,7213,34112,5514,3548,109837,2019,,114.0,154.0,154.0,,,58.0,2.0,,4.0,,,,,,,38.0,7.0,,97.0,,,,,,103.0,,,111.0,59.0,,,,28.0,32.0,,173.0,,4.0,,,18.0,6.0,,,,345.0,5.0,4.0,,,,,,7.0,,,,,,39.0,,,,,,,,,34.0,,5.0,7.0,23.0,,11.0,160.0,,,,27.0,,,,,,,,1403.0,,,128.0,85.0,,,,,,9.0,176.0
38,Greene County,"19,372","1,231",6.40%,257758,20545,27173,22644,587744,881,-17,31867,915063,61687,46025,915944,361853,153769,174431,19901,2405,61670,38495,6527,4122,157593,2019,63.0,377.0,282.0,329.0,,,72.0,,,39.0,,,196.0,,,,301.0,71.0,,32.0,,222.0,,,,48.0,,,314.0,109.0,,,,,61.0,240.0,212.0,,22.0,,,13.0,8.0,,,,56.0,50.0,3.0,,,,34.0,,80.0,,,10.0,,,149.0,,,74.0,,,,,,272.0,,15.0,18.0,30.0,,45.0,763.0,,8.0,39.0,208.0,,,,,,,,2735.0,47.0,,91.0,40.0,,,,,3.0,56.0,
39,Greensville County,"8,244","1,259",15.30%,421851,28557,62323,46496,286421,4724,3809,51805,537703,5801,32485,542427,-83625,68696,187310,16698,1195,9610,85571,9252,8057,326670,2019,92.0,148.0,16.0,16.0,,,,,,,,,,,31.0,,29.0,11.0,,,,,,,,10.0,,,,,,,,,128.0,,,,,,,,,,,,883.0,18.0,,,,,,,,,,,,,46.0,,,,,,,,,,,9.0,19.0,19.0,,25.0,256.0,,,,17.0,,,,,,,,2215.0,,,553.0,511.0,,,,,,35.0,
40,Halifax County,"33,807","4,690",13.90%,703259,54245,98567,75702,634012,-378,-3664,92096,1264445,49861,37140,1264067,22849,200627,429428,34035,3212,46197,136418,16289,13077,520644,2019,91.0,815.0,367.0,387.0,144.0,,682.0,68.0,,292.0,,,184.0,,66.0,,495.0,101.0,,127.0,,350.0,,13.0,54.0,201.0,,,724.0,272.0,137.0,,29.0,,146.0,398.0,1717.0,76.0,80.0,,,118.0,66.0,,,,1938.0,139.0,113.0,,,,74.0,,131.0,,25.0,,419.0,,395.0,,224.0,59.0,,,641.0,,,326.0,48.0,31.0,55.0,254.0,24.0,82.0,1403.0,,,157.0,314.0,,,,116.0,65.0,,,9883.0,,,1127.0,415.0,,596.0,20.0,,,252.0,276.0
41,Hanover County,"103,679","5,487",5.30%,3751465,241452,374746,384238,4545257,11958,5233,433571,6670373,452086,62141,6682331,1227363,1228771,908303,107535,15179,457319,566865,73913,58734,2727281,2019,274.0,4289.0,2905.0,2961.0,11.0,,2851.0,2319.0,,2378.0,41.0,,775.0,,183.0,41.0,5042.0,698.0,483.0,373.0,44.0,2592.0,90.0,101.0,602.0,893.0,,908.0,4015.0,1456.0,8.0,,107.0,140.0,609.0,1037.0,6414.0,540.0,532.0,,7.0,561.0,466.0,,417.0,4464.0,3705.0,3138.0,1884.0,79.0,79.0,302.0,358.0,11.0,1114.0,,183.0,205.0,1202.0,4.0,2468.0,344.0,48.0,683.0,,,,,63.0,3288.0,384.0,256.0,473.0,775.0,217.0,1010.0,6940.0,,54.0,1050.0,3812.0,455.0,3.0,,278.0,115.0,,,49245.0,30.0,,2092.0,819.0,,477.0,56.0,,731.0,5753.0,397.0
42,Henrico County,"324,392","29,673",9.10%,18779549,1135068,1555376,1688924,15750443,1721,685,1979530,22473581,4095433,67592,22475302,-1049576,4032916,2691943,332513,47548,4096118,2399838,256481,208933,12283593,2019,2148.0,17039.0,13620.0,13837.0,,1624.0,11847.0,2734.0,13.0,3087.0,299.0,132.0,1578.0,763.0,2977.0,51.0,8775.0,1580.0,340.0,12835.0,1800.0,4554.0,542.0,514.0,714.0,26668.0,,774.0,14891.0,5844.0,,,1113.0,149.0,910.0,3995.0,25484.0,1769.0,1520.0,3863.0,11.0,6018.0,13038.0,133.0,154.0,12960.0,5972.0,4711.0,5065.0,,3.0,479.0,1068.0,106.0,2561.0,95.0,189.0,852.0,5580.0,360.0,10405.0,293.0,258.0,2440.0,,,167.0,,1106.0,32514.0,582.0,2930.0,3855.0,6309.0,792.0,1656.0,24132.0,,795.0,4194.0,5675.0,951.0,,,792.0,3038.0,,21.0,187061.0,845.0,,5256.0,1332.0,2838.0,264.0,217.0,,296.0,10072.0,231.0
43,Henry County,"50,594","9,149",18.10%,1310069,103418,172207,139780,1195201,9901,9192,173308,2465140,98049,39183,2475041,58440,398799,881041,63167,4709,107241,242097,31483,26774,960731,2019,52.0,1012.0,508.0,526.0,,,222.0,156.0,,214.0,,,78.0,260.0,16.0,,448.0,98.0,,425.0,,218.0,,,198.0,468.0,,,960.0,349.0,,,34.0,304.0,270.0,184.0,804.0,,42.0,,,26.0,41.0,,19.0,,3315.0,410.0,517.0,,,,35.0,,434.0,,182.0,94.0,554.0,,590.0,184.0,,89.0,,,1001.0,,84.0,698.0,,36.0,103.0,334.0,67.0,167.0,1614.0,,2.0,28.0,308.0,,,,,5.0,430.0,,11033.0,9.0,,427.0,105.0,,313.0,18.0,,8.0,935.0,166.0
44,Highland County,"2,179",220,10.10%,31463,2823,4323,2508,32429,4225,3599,4077,91922,4080,44185,96147,5043,35985,27733,2176,649,7679,5577,1204,555,18207,2019,,24.0,,,17.0,,,,,,,,8.0,,,,42.0,26.0,,,,,,,,27.0,,,24.0,15.0,17.0,,,,8.0,,71.0,,,,,25.0,,,,,25.0,,,,,,,,,,,,,,21.0,,,,,,,,,44.0,,,,4.0,,11.0,42.0,,,18.0,16.0,,,,,,,,370.0,,,35.0,,,,,,,,
45,Isle of Wight County,"36,305","3,818",10.50%,710178,52627,79738,75320,1364882,11177,9595,90287,2080619,45769,55930,2091796,744991,345582,381332,37400,4227,55364,117398,15662,11435,537416,2019,103.0,1077.0,581.0,625.0,36.0,,245.0,143.0,,157.0,,,97.0,,,,525.0,74.0,,143.0,,242.0,,,,196.0,3.0,2978.0,974.0,486.0,,,,11.0,92.0,80.0,634.0,59.0,50.0,,,24.0,46.0,,,,3589.0,84.0,385.0,,,,59.0,,80.0,,,24.0,172.0,,497.0,458.0,,108.0,,,,,,590.0,,66.0,75.0,213.0,9.0,176.0,1025.0,,,217.0,401.0,,33.0,,13.0,,,,9975.0,,,240.0,47.0,96.0,,44.0,,,472.0,
46,James City County,"74,001","5,366",7.30%,2736840,188229,328421,290122,3209866,-3417,-4007,333290,5990310,235025,65176,5986893,806316,1782748,994279,91857,11830,231018,473482,58761,46931,2032340,2019,1241.0,3587.0,1696.0,1723.0,,,1336.0,3878.0,,3949.0,756.0,,107.0,,1278.0,,1609.0,602.0,,384.0,,396.0,,13.0,427.0,612.0,,,2346.0,1206.0,,,152.0,51.0,144.0,386.0,4033.0,205.0,244.0,1093.0,3.0,234.0,100.0,,,1138.0,2503.0,208.0,153.0,,,,213.0,,197.0,,343.0,111.0,1181.0,73.0,1385.0,,4.0,787.0,,,,,,3014.0,43.0,430.0,519.0,428.0,89.0,170.0,4136.0,,128.0,423.0,763.0,124.0,,,17.0,32.0,,,28207.0,32.0,8.0,1152.0,43.0,,1060.0,27.0,,24.0,385.0,
47,King and Queen County,"7,031",874,12.40%,74308,7029,9270,7110,185904,1361,425,10584,311081,12206,44565,312442,122180,49456,77082,7011,730,12631,12825,1906,1176,48852,2019,,51.0,17.0,30.0,64.0,,,,,,,,,,,,87.0,9.0,,,,,,,,,,,,,63.0,,,,50.0,,22.0,,46.0,,,,,,,,21.0,,44.0,,,,,,,,,,,,42.0,,,,,,,,,134.0,,5.0,5.0,31.0,,4.0,75.0,,,21.0,32.0,,,,,,,,634.0,,,46.0,46.0,,,,,,49.0,
48,King George County,"25,942","1,329",5.10%,1509430,83437,277093,170334,1013153,300,-121,168604,1487910,82079,55158,1488210,-327673,279401,195656,26981,2478,81958,362260,15892,13414,1065212,2019,56.0,532.0,101.0,198.0,36.0,,117.0,133.0,,150.0,,,41.0,,29.0,,336.0,45.0,,131.0,,12.0,,,,134.0,,,476.0,,,,,,182.0,257.0,329.0,,11.0,,,,,,,,90.0,12.0,144.0,,,,56.0,,127.0,,,,133.0,,221.0,,,78.0,,,,,,4296.0,,56.0,59.0,89.0,,54.0,890.0,,,79.0,280.0,,8.0,,10.0,,,,5469.0,,,170.0,160.0,,,97.0,,,157.0,
49,King William County,"16,610","1,400",8.40%,278696,21172,31332,29210,541457,-334,-927,35777,825855,28950,48001,825521,298538,129256,154808,17198,1882,28023,45937,6305,4423,204736,2019,,326.0,127.0,127.0,596.0,,209.0,51.0,,52.0,,,37.0,,,,491.0,13.0,,64.0,,,,3.0,,85.0,,,326.0,182.0,588.0,,,,70.0,,354.0,62.0,300.0,,,11.0,10.0,,,,519.0,35.0,24.0,,,,15.0,,53.0,,,15.0,,,148.0,,,32.0,,,,,,244.0,6.0,23.0,23.0,49.0,,67.0,485.0,,,95.0,178.0,,,,,,,,3501.0,,,67.0,50.0,,,,,,59.0,249.0
50,Lancaster County,"10,613","1,035",9.80%,278641,22778,30680,27430,233776,511,145,36493,643375,39393,60635,643886,-8372,246210,163900,10619,1931,39538,44395,6996,5065,194708,2019,100.0,505.0,84.0,90.0,23.0,,203.0,89.0,,92.0,,,80.0,,46.0,,297.0,61.0,,165.0,,70.0,,,,274.0,9.0,,405.0,131.0,,,17.0,,60.0,218.0,1032.0,61.0,29.0,,,60.0,82.0,,,,69.0,21.0,55.0,,,,27.0,,37.0,,,29.0,446.0,,264.0,,,55.0,,,,,,674.0,,24.0,28.0,113.0,,96.0,731.0,,27.0,49.0,207.0,,14.0,,,,,,4004.0,,,63.0,,,,,,,77.0,
51,Lee County,"22,348","5,694",25.50%,240052,24190,43395,24906,308684,-5621,-6478,36643,704859,24700,29704,699238,105275,88000,302554,23540,2242,18222,55848,6871,4629,165982,2019,,246.0,38.0,38.0,22.0,,207.0,,,,,,35.0,,,,207.0,,,152.0,,,,,,161.0,,,239.0,163.0,22.0,,11.0,,117.0,253.0,535.0,52.0,170.0,,,28.0,8.0,,,,116.0,23.0,30.0,24.0,28.0,,,,46.0,,,10.0,,,51.0,,,19.0,,,,,,170.0,,6.0,13.0,26.0,,6.0,694.0,,,160.0,29.0,,,,,,,,2386.0,,,58.0,50.0,,,,,,63.0,59.0
52,Loudoun County,"393,005","13,342",3.40%,17256444,1015671,1670915,1749314,26539255,9216,-2137,1890328,33402363,1588533,80535,33411579,11173139,5068759,1803565,414872,63185,1586396,2545572,254097,190912,13124476,2019,2004.0,17444.0,14522.0,14794.0,69.0,5628.0,6811.0,3323.0,,3981.0,737.0,,1550.0,71.0,3249.0,598.0,14225.0,2420.0,633.0,1953.0,2157.0,5906.0,26.0,380.0,306.0,3506.0,,415.0,15440.0,4296.0,,,768.0,206.0,832.0,3144.0,14567.0,927.0,1293.0,,18.0,10026.0,1234.0,37.0,442.0,7310.0,5729.0,2438.0,685.0,,593.0,598.0,829.0,579.0,2276.0,53.0,275.0,406.0,3154.0,1936.0,7626.0,,605.0,2317.0,,,,,263.0,62096.0,805.0,1053.0,1731.0,3055.0,641.0,2254.0,19356.0,,318.0,2701.0,10512.0,699.0,69.0,,4530.0,4121.0,,66.0,168351.0,1148.0,1473.0,13563.0,1434.0,190.0,170.0,272.0,,249.0,3372.0,124.0
53,Louisa County,"35,682","4,209",11.80%,758588,54422,98762,77026,976635,397,-956,92935,1634283,82489,43618,1634680,310982,298721,359324,37477,4443,81533,137275,14882,10439,539780,2019,59.0,626.0,202.0,202.0,18.0,,139.0,37.0,,49.0,,,283.0,,,,647.0,149.0,,84.0,,12.0,,,101.0,112.0,,,567.0,265.0,18.0,,,,240.0,311.0,340.0,56.0,76.0,,,11.0,26.0,,293.0,,1338.0,51.0,143.0,,,,46.0,,54.0,12.0,,2.0,150.0,,418.0,,,57.0,,,568.0,,,336.0,,106.0,107.0,298.0,,63.0,1273.0,,,51.0,422.0,2.0,,,8.0,5.0,,,7582.0,,,1120.0,244.0,1798.0,,,,,194.0,214.0
54,Lunenburg County,"11,304","1,856",16.40%,143073,13028,22044,14924,190458,-2189,-4015,20490,405130,10643,32890,402941,67875,76028,136455,12251,1184,6628,29506,4002,2818,106939,2019,,59.0,52.0,58.0,38.0,,81.0,,,,,,,,,,124.0,49.0,,,,,,,,57.0,,,59.0,148.0,37.0,,,,34.0,,249.0,,,,,,9.0,,,,577.0,61.0,72.0,,,,9.0,,36.0,,,13.0,,,56.0,,,13.0,,,,,,68.0,,5.0,5.0,33.0,,10.0,289.0,,,103.0,70.0,,,,,,,,1747.0,,,51.0,41.0,,,,,,133.0,
55,Madison County,"12,994",852,6.60%,201605,16254,22941,19244,374548,-2098,-4745,25876,644261,42397,48601,642163,198819,143545,124070,13213,2459,37652,32563,5826,3367,131390,2019,50.0,212.0,36.0,39.0,28.0,,35.0,,,6.0,88.0,,491.0,,,,224.0,44.0,,,,602.0,,,,23.0,,14.0,162.0,142.0,17.0,,20.0,27.0,65.0,,228.0,,,,,,7.0,,,,281.0,36.0,,,,,24.0,,51.0,,,24.0,132.0,,111.0,,,22.0,,,,,,156.0,,11.0,11.0,44.0,,45.0,847.0,,,61.0,158.0,,11.0,,,,,,2507.0,,,38.0,17.0,,,,,18.0,71.0,
56,Mathews County,"8,697",990,11.40%,104828,10582,11379,8540,243016,1149,1099,14852,495688,29848,56574,496837,153040,139105,114716,8782,1266,30947,15649,3046,1780,58232,2019,5.0,169.0,43.0,62.0,,,49.0,64.0,,64.0,,,43.0,,,,104.0,56.0,,,,,,,,14.0,,,164.0,70.0,,,,,35.0,,213.0,,21.0,,,,,,,,48.0,,,,,,23.0,,,,,,149.0,,143.0,,,35.0,,,,,,76.0,,18.0,18.0,74.0,,34.0,209.0,,,15.0,27.0,,,,,,,,1144.0,,,10.0,7.0,,,,,,39.0,
57,Mecklenburg County,"29,624","5,627",19.00%,607339,49047,79487,65884,538513,-4997,-9670,81989,1149157,44601,37241,1144160,13163,215422,390225,30723,3057,34931,112429,15401,12344,459979,2019,181.0,1220.0,349.0,349.0,106.0,,474.0,65.0,,78.0,,,240.0,,84.0,14.0,383.0,62.0,,176.0,,102.0,,8.0,126.0,244.0,,,1039.0,361.0,91.0,,47.0,,359.0,376.0,1841.0,89.0,90.0,,,269.0,62.0,,,,1059.0,149.0,152.0,,,,69.0,,221.0,,158.0,79.0,374.0,,500.0,,9.0,204.0,,,,,32.0,574.0,176.0,48.0,131.0,186.0,83.0,110.0,1936.0,,,267.0,231.0,,,,,29.0,,159.0,9176.0,26.0,,306.0,117.0,176.0,147.0,,,,301.0,194.0
58,Middlesex County,"10,314","1,036",10.00%,205691,17311,27687,19118,244102,1150,111,26870,556824,30647,52833,557974,65281,167275,146597,10561,1660,30758,37246,5314,3654,137687,2019,,308.0,68.0,71.0,14.0,,63.0,78.0,,93.0,,,95.0,,22.0,,181.0,76.0,,37.0,,,,,,59.0,,,267.0,134.0,,,,,68.0,,367.0,,21.0,,,112.0,22.0,,,,126.0,37.0,66.0,,,,7.0,,40.0,,,,122.0,,172.0,,7.0,25.0,,,,,,172.0,30.0,29.0,29.0,49.0,,98.0,421.0,,,182.0,84.0,,,,,,,18.0,2190.0,,,37.0,,,,,33.0,,110.0,64.0
59,Montgomery County,"88,778","20,897",23.50%,3439979,207282,544742,356718,2653188,4308,1456,385641,4368019,205088,37377,4372327,-401150,959177,759962,116979,10914,206544,723101,64863,53949,2510334,2019,510.0,4860.0,851.0,945.0,9.0,,1587.0,271.0,,386.0,42.0,,474.0,899.0,475.0,1009.0,1305.0,678.0,43.0,554.0,265.0,2080.0,1432.0,107.0,,787.0,,24.0,4350.0,1045.0,,,134.0,,245.0,691.0,4436.0,225.0,87.0,,,799.0,109.0,,44.0,70.0,5529.0,402.0,307.0,,60.0,,324.0,38.0,753.0,9.0,431.0,31.0,773.0,,1381.0,,106.0,350.0,,,,,8.0,4136.0,124.0,462.0,546.0,658.0,81.0,373.0,4944.0,,124.0,657.0,540.0,440.0,9.0,,,311.0,,,30444.0,36.0,,544.0,137.0,,312.0,94.0,,27.0,736.0,123.0
60,Nelson County,"14,693","1,909",13.00%,259997,21973,30464,23274,376267,2776,164,33610,773522,55075,52216,776298,149880,211752,188279,14867,2407,55239,42101,6689,4282,162657,2019,819.0,1162.0,129.0,129.0,57.0,,146.0,8.0,,30.0,285.0,,8.0,,,,207.0,75.0,,28.0,,62.0,,,,35.0,,190.0,343.0,116.0,56.0,,,24.0,74.0,26.0,213.0,,18.0,,,44.0,7.0,,,,654.0,,,,,,,,21.0,13.0,,53.0,35.0,,285.0,,9.0,26.0,,,,,,400.0,,12.0,15.0,237.0,,22.0,342.0,,,32.0,114.0,18.0,,,,43.0,,,3529.0,,,35.0,30.0,,,,,,4.0,48.0
61,New Kent County,"21,084","1,457",6.90%,344016,26625,38821,33246,1264764,-2488,-2687,43248,1714138,62093,74471,1711650,963996,239852,207034,22984,3298,59406,55444,8583,5285,229166,2019,29.0,398.0,123.0,550.0,27.0,,74.0,83.0,,173.0,,,,,,,419.0,49.0,,36.0,,44.0,,,,41.0,,,369.0,276.0,27.0,,,,140.0,,597.0,,102.0,,,22.0,,,,,186.0,39.0,,,,,,,41.0,,,53.0,,,201.0,,90.0,31.0,,,,,,266.0,,22.0,22.0,111.0,,59.0,623.0,,,175.0,268.0,,,,16.0,,,,3552.0,34.0,,76.0,24.0,,,427.0,,,53.0,149.0
62,Northampton County,"11,529","2,079",18.00%,253591,17284,28481,22834,356693,49477,38728,28701,610611,24414,55940,660088,131803,133746,169649,11800,1867,63142,39898,6370,4503,150551,2019,89.0,496.0,41.0,48.0,200.0,,154.0,,,100.0,,,45.0,,18.0,,80.0,18.0,,44.0,,130.0,,,,68.0,192.0,,407.0,164.0,,,,,149.0,,721.0,70.0,,,,12.0,22.0,,,,301.0,,107.0,,,,20.0,,15.0,,260.0,14.0,195.0,,120.0,,,24.0,,,,,,152.0,,21.0,30.0,66.0,,30.0,562.0,,,73.0,56.0,4.0,8.0,,,11.0,,,2995.0,,,,,,,,,,113.0,
63,Northumberland County,"12,143","1,776",14.60%,205444,19058,23339,20620,266557,2904,2112,29368,652150,26402,54276,655054,90481,208653,179844,12069,1646,28514,33649,4491,2845,143281,2019,6.0,120.0,62.0,65.0,18.0,,140.0,95.0,,97.0,,,70.0,,,,187.0,53.0,,42.0,,,,,10.0,52.0,12.0,236.0,114.0,119.0,,,,,48.0,,147.0,,37.0,,,,10.0,,,,326.0,,42.0,,,,7.0,,19.0,,,11.0,,,142.0,,,3.0,,,,,,142.0,,60.0,60.0,82.0,,57.0,334.0,,,,97.0,,,,,,,,1707.0,,,23.0,17.0,,,,,,49.0,
64,Nottoway County,"13,754","2,519",18.30%,343598,24007,62978,38910,248330,8792,6821,43462,530191,7181,35445,538983,-51806,99136,191517,15206,1393,14002,82433,7586,6193,247163,2019,17.0,295.0,10.0,10.0,24.0,,203.0,3.0,,3.0,,,39.0,,,,131.0,9.0,,86.0,,,,,,99.0,,,278.0,90.0,24.0,,22.0,,120.0,204.0,1012.0,22.0,,,,26.0,13.0,,,,459.0,75.0,27.0,,,,40.0,,90.0,,,,273.0,,161.0,,,21.0,,,,,,196.0,,15.0,16.0,94.0,,46.0,665.0,,,76.0,122.0,,,,,,,,3355.0,,,25.0,19.0,,,,,,102.0,201.0
65,Orange County,"35,171","2,873",8.20%,640100,47744,76722,62166,1117928,26441,17111,78827,1842280,80962,50587,1868721,556655,377255,373538,36941,4409,98073,107805,15082,10673,434222,2019,90.0,799.0,292.0,292.0,72.0,,208.0,38.0,,159.0,,,238.0,,13.0,,542.0,195.0,,108.0,,102.0,,,,139.0,,,709.0,336.0,20.0,,31.0,4.0,199.0,273.0,391.0,68.0,64.0,,,39.0,25.0,,,,1514.0,155.0,73.0,,,,38.0,,166.0,119.0,,29.0,159.0,,530.0,,,71.0,,,,,,442.0,,38.0,44.0,299.0,,160.0,1396.0,,6.0,24.0,283.0,5.0,49.0,,60.0,17.0,,,6930.0,5.0,,476.0,119.0,,,,,,232.0,614.0
66,Page County,"23,538","3,553",15.10%,338311,28020,43466,35548,512494,21384,18869,45794,913180,35701,39043,934564,219977,162580,259490,23937,2587,54570,61240,8749,6162,222501,2019,289.0,705.0,165.0,188.0,3.0,,70.0,9.0,,160.0,,,68.0,,,,283.0,30.0,,95.0,,,,,65.0,121.0,,,416.0,219.0,,,,,60.0,242.0,552.0,,,,,30.0,17.0,,,,518.0,,,,,,26.0,,103.0,,,25.0,181.0,,176.0,,,27.0,,,,,,814.0,,16.0,16.0,103.0,,46.0,810.0,,9.0,72.0,221.0,6.0,,,,,,,4315.0,,,217.0,28.0,,,,,,41.0,420.0
67,Patrick County,"17,341","2,467",14.20%,230975,21158,32344,23338,282987,2908,1294,32827,586915,26646,33528,589823,84839,96833,210003,17592,2061,27940,44013,6960,4899,159022,2019,,154.0,1224.0,1236.0,259.0,,144.0,,,13.0,,,22.0,,,,110.0,39.0,,49.0,,,,,183.0,82.0,,,154.0,56.0,11.0,,,,144.0,164.0,498.0,,31.0,,,50.0,30.0,,,,1243.0,9.0,39.0,,,,23.0,,21.0,,,11.0,313.0,,82.0,,,23.0,,,,,,130.0,,5.0,5.0,37.0,,22.0,469.0,,,41.0,40.0,,,,,,,,4445.0,,,122.0,117.0,,,12.0,,,48.0,360.0
68,Pittsylvania County,"60,029","9,656",16.10%,2110008,161860,271942,229704,1955473,10096,2706,276712,3820896,121119,38117,3830992,122177,559895,1315624,100506,9350,123825,386794,49555,40205,1599389,2019,12.0,519.0,294.0,391.0,57.0,,436.0,36.0,,49.0,9.0,,49.0,183.0,,,1121.0,255.0,,80.0,,568.0,,,6.0,151.0,,,507.0,302.0,48.0,,,530.0,138.0,122.0,1063.0,67.0,299.0,,6.0,49.0,67.0,,,,1647.0,174.0,592.0,3.0,7.0,,64.0,,147.0,,,87.0,378.0,,628.0,,11.0,74.0,,,,,,356.0,,38.0,89.0,368.0,51.0,186.0,1004.0,,,249.0,567.0,16.0,1.0,,3.0,29.0,,,8454.0,62.0,,352.0,246.0,110.0,,97.0,,,783.0,330.0
69,Powhatan County,"26,210","1,405",5.40%,521025,38801,58623,49416,1163750,1094,403,63509,1742865,82538,58652,1743959,706234,329051,251158,29734,4107,82941,83331,12434,8327,354753,2019,,638.0,405.0,411.0,,,171.0,110.0,,118.0,,,129.0,,,,1464.0,224.0,,71.0,,104.0,,,61.0,121.0,,,634.0,190.0,,,17.0,,125.0,233.0,232.0,,194.0,,,,39.0,,,,131.0,185.0,14.0,,,18.0,,,82.0,,9.0,151.0,11.0,,470.0,,8.0,78.0,,,,,,800.0,,57.0,60.0,214.0,,178.0,1010.0,,11.0,50.0,1046.0,,,,,,,,5599.0,,,145.0,142.0,,,6.0,,30.0,229.0,
70,Prince Edward County,"17,491","3,248",18.60%,526704,36020,76279,57612,371319,2526,1647,64826,719290,26405,31621,721816,-90559,125965,224532,22827,2012,28052,105085,12356,10344,393567,2019,125.0,1193.0,388.0,392.0,58.0,,757.0,112.0,,114.0,,,240.0,,47.0,,240.0,29.0,,99.0,,1216.0,,,,148.0,,,1068.0,135.0,58.0,,126.0,29.0,117.0,349.0,2009.0,69.0,4.0,,,121.0,39.0,,,178.0,101.0,117.0,20.0,,,,55.0,,171.0,,,,543.0,,284.0,,2.0,98.0,,,,,,416.0,,57.0,121.0,116.0,64.0,70.0,1364.0,,,208.0,207.0,13.0,,,11.0,46.0,,,7367.0,,,144.0,121.0,,,,,,143.0,31.0
71,Prince George County,"33,995","2,765",8.10%,2565215,137891,476390,307248,1397517,-1985,-2383,291515,2373513,93882,38845,2371528,-876183,395557,578454,61051,4531,91499,630014,36808,32277,1843702,2019,123.0,901.0,355.0,394.0,,,310.0,106.0,,108.0,,,200.0,,16.0,,442.0,29.0,,126.0,,120.0,,12.0,121.0,143.0,,478.0,778.0,120.0,,,,17.0,235.0,66.0,462.0,28.0,46.0,,,31.0,14.0,,,,1479.0,495.0,207.0,,,,18.0,,324.0,,,41.0,73.0,,239.0,,,69.0,,,,,,2076.0,,110.0,131.0,85.0,,85.0,1063.0,,,79.0,367.0,,,,184.0,,,,8308.0,,,1066.0,278.0,,,39.0,,,706.0,21.0
72,Prince William County,"455,747","30,294",6.60%,13821530,825234,1623688,1448030,22065067,-238,-2752,1549249,29818310,1522363,56181,29818072,9792786,4640361,3112644,530752,73304,1519611,2347703,254845,181541,9954216,2019,1050.0,15154.0,5918.0,6482.0,28.0,,6544.0,2157.0,,2285.0,99.0,,1668.0,,3411.0,2326.0,15134.0,1691.0,147.0,1452.0,191.0,3616.0,,576.0,164.0,2150.0,,119.0,14104.0,4333.0,,,1078.0,97.0,1128.0,4419.0,12102.0,1060.0,2128.0,,28.0,1213.0,610.0,,172.0,1760.0,3913.0,1985.0,1580.0,65.0,65.0,191.0,1831.0,142.0,2863.0,16.0,316.0,361.0,2272.0,4.0,6005.0,,112.0,2056.0,,,,,109.0,23712.0,140.0,1274.0,1718.0,2400.0,413.0,1549.0,23386.0,,88.0,2134.0,11315.0,658.0,20.0,,167.0,735.0,,,110456.0,422.0,,2047.0,1186.0,1212.0,106.0,564.0,,31.0,3596.0,85.0
73,Pulaski County,"32,922","4,862",14.80%,867140,62265,115290,102898,759564,1159,-139,113714,1360063,41701,40025,1361222,6138,200562,401096,34009,2817,41562,166739,18103,15286,658839,2019,130.0,1017.0,205.0,210.0,31.0,,455.0,83.0,,92.0,,,236.0,139.0,16.0,,270.0,44.0,,120.0,,12.0,,,125.0,150.0,,,887.0,331.0,,,,,148.0,621.0,1301.0,107.0,45.0,,,55.0,24.0,,,,5357.0,89.0,117.0,,,,66.0,,184.0,,353.0,14.0,372.0,,431.0,,,103.0,,,217.0,,,280.0,,37.0,74.0,245.0,37.0,83.0,1749.0,,6.0,273.0,181.0,,,,82.0,33.0,,,11654.0,,4140.0,485.0,144.0,,86.0,5.0,,28.0,234.0,
74,Rappahannock County,"7,337",642,8.80%,130403,10660,10746,9270,256095,-1899,-3547,15295,504005,52392,68110,502106,140987,173467,72544,7372,1787,48845,15381,3488,1701,66177,2019,181.0,273.0,47.0,47.0,13.0,,18.0,,,6.0,59.0,,,,,,118.0,28.0,,,,124.0,,,,12.0,,,92.0,30.0,,,,,30.0,,66.0,,,,,33.0,,,,,72.0,15.0,,,,,13.0,,16.0,,,,,,59.0,,,8.0,,,,,,132.0,26.0,12.0,12.0,43.0,,8.0,130.0,,,48.0,90.0,,13.0,,,,,,1098.0,,,,,,,,,,20.0,
75,Richmond County,"7,268","1,254",17.30%,178841,12785,28400,18352,175658,2784,737,21961,333176,10867,37057,335960,18778,71602,88700,9066,967,11604,37576,4170,3203,129661,2019,,131.0,93.0,116.0,,,54.0,,,39.0,,,26.0,,,,133.0,9.0,,32.0,,,,,,42.0,,,120.0,73.0,,,,,23.0,25.0,685.0,,60.0,,,,,,,,161.0,9.0,89.0,,,,19.0,,29.0,,,,,,116.0,,,,,,,,,56.0,,3.0,8.0,35.0,,77.0,251.0,,,469.0,64.0,,,,,,,,2019.0,,,74.0,,,,,,,99.0,130.0
76,Roanoke County,"91,510","6,335",6.90%,4087174,272427,494005,428860,3819250,31,-698,486857,6232127,362532,52094,6232158,218933,1206467,1206441,119632,13039,361834,708435,76160,63121,3016905,2019,265.0,3317.0,1786.0,1797.0,,,2134.0,396.0,,418.0,,,421.0,,352.0,731.0,1061.0,257.0,,2617.0,,2194.0,323.0,73.0,449.0,4095.0,,,3052.0,1118.0,,,81.0,,189.0,426.0,4350.0,215.0,62.0,,3.0,505.0,1402.0,,105.0,1460.0,2858.0,655.0,464.0,,,46.0,254.0,,510.0,,149.0,246.0,1273.0,,1434.0,280.0,6.0,423.0,,,369.0,,36.0,2736.0,42.0,365.0,453.0,718.0,81.0,293.0,4049.0,,76.0,610.0,742.0,164.0,,,53.0,236.0,,,29390.0,,,615.0,534.0,,,11.0,,25.0,1144.0,
77,Rockbridge County,"22,334","3,167",14.20%,814783,59193,107302,88344,747773,802,-1136,103365,1496780,81745,41029,1497582,36355,382203,367606,36501,4463,80609,151474,19605,15142,582700,2019,379.0,880.0,57.0,83.0,18.0,,141.0,,,111.0,,,190.0,,32.0,,405.0,94.0,,79.0,,,,,48.0,92.0,,,501.0,101.0,18.0,,,,658.0,308.0,417.0,,119.0,,,36.0,9.0,,,,804.0,60.0,13.0,,,,36.0,,30.0,59.0,,44.0,222.0,,224.0,,47.0,10.0,,,,,,218.0,,24.0,33.0,111.0,,103.0,1420.0,,,,192.0,,,,,16.0,,,4994.0,,,88.0,37.0,,,,,,82.0,139.0
78,Rockingham County,"78,360","6,895",8.80%,4385580,269136,521585,438542,3465586,119739,101771,488407,5356952,445553,40413,5476691,-431587,1004398,1006707,135519,16410,547324,740856,87230,70820,3097400,2019,1216.0,2642.0,1246.0,1310.0,7.0,,1151.0,156.0,,174.0,583.0,,205.0,,18.0,,2742.0,565.0,,353.0,,1732.0,,15.0,305.0,446.0,,4200.0,1426.0,399.0,,,30.0,21.0,275.0,345.0,3993.0,146.0,37.0,,,36.0,53.0,,31.0,746.0,7672.0,464.0,724.0,,,31.0,93.0,,284.0,6.0,69.0,25.0,1011.0,,1089.0,,12.0,104.0,,,,,1319.0,1186.0,,568.0,580.0,636.0,12.0,349.0,1898.0,,40.0,464.0,2140.0,63.0,4.0,,44.0,5.0,,,28951.0,,,3182.0,332.0,244.0,2084.0,64.0,,,1191.0,163.0
79,Russell County,"26,862","5,677",21.10%,425120,37448,56140,48654,428911,-569,-2261,61775,896674,20852,33513,896105,65566,123719,343475,26739,2369,18591,80467,9875,7506,326062,2019,,464.0,44.0,46.0,9.0,,772.0,,,,,,45.0,,,,765.0,31.0,,173.0,,52.0,,,484.0,210.0,,,463.0,172.0,9.0,,19.0,,134.0,297.0,1154.0,78.0,447.0,,,369.0,33.0,,,62.0,699.0,15.0,8.0,120.0,143.0,,22.0,,158.0,,,23.0,168.0,,188.0,,,79.0,,,,,,1520.0,,25.0,37.0,80.0,12.0,29.0,958.0,,,44.0,287.0,,,,21.0,354.0,,,6136.0,,,194.0,155.0,,,,,,23.0,
80,Scott County,"20,974","3,254",15.50%,272370,26538,38727,29178,348453,-2390,-2995,41127,724165,25367,33450,721775,117210,107119,266203,21578,2378,22372,53316,7969,5591,196682,2019,,428.0,338.0,338.0,37.0,,289.0,,,15.0,,,21.0,,,,78.0,32.0,,74.0,,,,,,85.0,,,428.0,301.0,37.0,,,,133.0,49.0,694.0,53.0,,,,62.0,11.0,,,,1000.0,,,,,,8.0,,26.0,,,7.0,315.0,,170.0,,,49.0,,,,,,258.0,,9.0,9.0,40.0,,81.0,610.0,,,90.0,43.0,,,,,,,,3784.0,,,84.0,81.0,,,,,,43.0,
81,Shenandoah County,"42,697","4,919",11.50%,899251,66129,107919,89538,1203925,11638,8326,110898,2006486,117591,46333,2018124,415572,370600,443599,43557,5494,125917,152688,20822,15328,620646,2019,247.0,1476.0,660.0,666.0,11.0,,238.0,225.0,,254.0,67.0,,243.0,,23.0,,615.0,156.0,,168.0,,244.0,,,30.0,249.0,,1665.0,1229.0,297.0,3.0,,18.0,294.0,365.0,278.0,1475.0,87.0,154.0,,,374.0,56.0,,,,3421.0,39.0,510.0,,,,102.0,,185.0,,181.0,58.0,586.0,,619.0,,12.0,77.0,,,,,462.0,1016.0,73.0,82.0,93.0,381.0,,161.0,1676.0,,25.0,239.0,305.0,15.0,,,28.0,296.0,,,12650.0,,,458.0,316.0,112.0,,,,,549.0,29.0
82,Smyth County,"29,961","5,654",18.90%,663595,50720,100221,72720,566765,-3531,-5153,87080,1114214,33448,36800,1110683,-9750,166201,377717,30182,2798,28295,136581,15838,13040,498719,2019,74.0,706.0,491.0,509.0,,,456.0,45.0,,51.0,,,68.0,,31.0,,383.0,65.0,,155.0,,26.0,,,93.0,181.0,,,632.0,462.0,,,26.0,,128.0,258.0,1919.0,131.0,256.0,,,95.0,23.0,,109.0,,3271.0,157.0,28.0,,,,18.0,,116.0,,,17.0,313.0,,301.0,,,82.0,,,643.0,,,278.0,38.0,9.0,22.0,143.0,13.0,76.0,1267.0,,,186.0,62.0,,,,11.0,22.0,,,9280.0,,1928.0,217.0,137.0,,,,,,187.0,215.0
83,Southampton County,"16,384","1,473",9.00%,445966,33079,65737,44344,591903,22538,18682,55251,1092048,24602,43430,1114586,201188,212952,309731,25664,2500,43284,87909,11172,8672,314773,2019,28.0,98.0,30.0,38.0,82.0,,40.0,,,34.0,,,13.0,231.0,,,91.0,20.0,,16.0,,,,,,16.0,,114.0,70.0,85.0,58.0,,,,104.0,,169.0,,,,,53.0,,,,,575.0,21.0,200.0,,,,55.0,,,,,,,,174.0,,,17.0,,,,,,100.0,,14.0,14.0,92.0,,65.0,306.0,,,,67.0,,24.0,,,,,,2140.0,,,124.0,109.0,,,,,,222.0,160.0
84,Spotsylvania County,"132,006","9,198",7.00%,4121624,266832,453936,426326,5773418,2942,1573,479995,8596224,427286,51896,8599166,2131789,1496004,1329744,165701,19484,428859,667099,84803,65319,3025666,2019,247.0,4419.0,1971.0,2018.0,22.0,,2164.0,713.0,,766.0,9.0,,637.0,,725.0,85.0,2319.0,388.0,228.0,397.0,73.0,1036.0,,176.0,105.0,545.0,,,4172.0,1121.0,,,372.0,187.0,460.0,1542.0,4444.0,434.0,503.0,,1.0,461.0,142.0,,,1008.0,1105.0,517.0,961.0,,,,195.0,74.0,1812.0,,99.0,167.0,696.0,107.0,1695.0,,51.0,492.0,,,175.0,,29.0,4860.0,,599.0,703.0,702.0,104.0,501.0,7880.0,,6.0,1171.0,1428.0,239.0,,,135.0,180.0,,,33029.0,20.0,,1486.0,597.0,,499.0,47.0,,54.0,1532.0,245.0
85,Stafford County,"142,541","6,315",4.40%,3769893,231648,515244,399422,6097128,-3171,-3575,431359,8536718,244572,55494,8533547,2758594,1348936,1087483,153775,17256,240997,714955,67722,50466,2813941,2019,381.0,3987.0,2241.0,2380.0,3.0,,1687.0,550.0,,681.0,79.0,,566.0,,136.0,73.0,2324.0,401.0,190.0,258.0,41.0,1194.0,,100.0,30.0,4764.0,,,3606.0,818.0,,,87.0,20.0,458.0,1347.0,3492.0,220.0,393.0,,5.0,321.0,4484.0,,,84.0,661.0,302.0,1149.0,,,14.0,233.0,,603.0,,59.0,73.0,599.0,128.0,2164.0,,131.0,657.0,,,,,48.0,9020.0,38.0,284.0,367.0,738.0,83.0,769.0,4695.0,,22.0,811.0,1530.0,54.0,3.0,,86.0,114.0,,,33663.0,61.0,,860.0,519.0,118.0,4.0,139.0,,276.0,1727.0,
86,Surry County,"6,516","1,033",15.90%,255312,15617,45837,26842,169607,3076,2348,29038,279098,4473,44042,282174,-56667,38754,73813,6407,729,6821,59258,3057,2328,189233,2019,,13.0,20.0,20.0,,,11.0,,,,,,6.0,,,,76.0,,,,,,,,,,,,13.0,8.0,,,,,15.0,,11.0,,,,,,,,,,116.0,,,,,,,,,,,,,,54.0,,,,,,,,,62.0,,11.0,11.0,53.0,,,40.0,,,,66.0,,,,,,,,1308.0,,,13.0,10.0,,,,,,14.0,
87,Sussex County,"9,070","1,187",13.10%,218286,15318,33370,23060,188918,5581,4314,26848,350462,7518,32099,356043,-2520,52548,114577,11092,928,11832,44900,4783,3855,161554,2019,37.0,305.0,81.0,155.0,,,101.0,,,,,,,,,,43.0,,,24.0,,,,,,27.0,,100.0,268.0,83.0,,,,,91.0,31.0,350.0,,,,,,,,,,206.0,49.0,54.0,53.0,56.0,,,,49.0,,,,110.0,,108.0,,,16.0,,,,,,40.0,,10.0,11.0,80.0,,12.0,283.0,,,139.0,22.0,,,,,,,,1881.0,,,78.0,51.0,,,,,,103.0,
88,Tazewell County,"40,030","7,004",17.50%,803873,64417,113027,86772,748945,2415,1468,107803,1523559,55294,37462,1525974,52875,235632,541397,40734,3235,56762,156413,18852,15617,590698,2019,48.0,1312.0,133.0,165.0,,,823.0,59.0,,71.0,,,343.0,,75.0,,669.0,105.0,,491.0,,578.0,193.0,24.0,128.0,592.0,,,1264.0,467.0,,,27.0,,289.0,972.0,2392.0,194.0,127.0,,,64.0,87.0,,472.0,24.0,1184.0,254.0,171.0,157.0,311.0,84.0,58.0,,301.0,,65.0,88.0,326.0,,738.0,,,132.0,,,,,13.0,720.0,,87.0,126.0,233.0,34.0,373.0,2848.0,,14.0,554.0,437.0,10.0,,85.0,15.0,36.0,,,11888.0,,,219.0,146.0,,,32.0,,28.0,453.0,91.0
89,Warren County,"38,577","3,835",9.90%,809288,56444,96957,86882,1270216,-1469,-2188,99885,1905196,80252,47315,1903727,560813,291941,341570,40235,4538,78064,140398,18286,13748,590826,2019,207.0,1385.0,242.0,244.0,,,309.0,150.0,,179.0,,,235.0,,50.0,,877.0,128.0,,139.0,,1444.0,,,,220.0,,,1178.0,307.0,,,9.0,,113.0,527.0,1550.0,82.0,42.0,,,145.0,62.0,,,,1183.0,62.0,114.0,,,18.0,101.0,,255.0,28.0,18.0,91.0,440.0,52.0,599.0,,,162.0,,,217.0,,,642.0,34.0,50.0,85.0,304.0,35.0,133.0,1803.0,,19.0,267.0,707.0,,,,173.0,41.0,,,11341.0,,,1724.0,356.0,222.0,1035.0,,,,180.0,
90,Washington County,"52,166","7,598",14.60%,1670965,124175,221479,176628,1428899,-703,-3802,212489,2847824,156792,40164,2847121,-29577,588026,830196,70888,8106,152990,309793,39157,31051,1208182,2019,235.0,1745.0,834.0,850.0,20.0,,1127.0,192.0,,335.0,32.0,,290.0,,153.0,,515.0,128.0,,342.0,,966.0,294.0,58.0,230.0,466.0,,,1510.0,636.0,20.0,,70.0,,415.0,974.0,2846.0,174.0,83.0,,3.0,216.0,86.0,,447.0,1588.0,2861.0,176.0,334.0,,55.0,24.0,128.0,28.0,206.0,,,51.0,522.0,,627.0,,119.0,161.0,,,,,10.0,808.0,,81.0,153.0,398.0,68.0,68.0,3241.0,,38.0,312.0,304.0,86.0,,,24.0,167.0,,,17299.0,,1022.0,1060.0,194.0,172.0,832.0,,,29.0,539.0,18.0
91,Westmoreland County,"17,682","2,636",14.90%,208451,18313,26153,18944,412151,23645,19017,27785,789315,24821,45092,812960,231485,193234,207575,18029,2015,43838,35625,5906,3891,128988,2019,21.0,271.0,182.0,192.0,,,75.0,21.0,,74.0,12.0,,50.0,,,,172.0,55.0,,61.0,,30.0,,,,78.0,,180.0,250.0,187.0,,,,,94.0,,208.0,,64.0,,,22.0,17.0,,,,607.0,12.0,5.0,,,,17.0,,50.0,,,9.0,,22.0,195.0,,,30.0,,,,,,128.0,,11.0,11.0,143.0,,22.0,498.0,,,47.0,53.0,,,,,,,,2457.0,,,13.0,10.0,22.0,,10.0,,,18.0,
92,Wise County,"35,353","7,796",22.10%,839644,65536,129250,91456,631798,-239,-338,111264,1368936,43724,33052,1368697,-96582,175647,561252,41410,2681,43386,174978,19026,16345,621280,2019,52.0,999.0,921.0,929.0,11.0,,778.0,122.0,,125.0,,,203.0,,30.0,,269.0,74.0,,141.0,,76.0,,,,208.0,,,947.0,568.0,11.0,,18.0,,282.0,135.0,1731.0,148.0,45.0,,,38.0,64.0,,,,199.0,233.0,36.0,243.0,371.0,,39.0,,321.0,,,31.0,381.0,,229.0,,,50.0,,,,,,600.0,,27.0,65.0,101.0,38.0,78.0,1786.0,,,359.0,150.0,,,128.0,,,,,7897.0,,,194.0,191.0,264.0,,8.0,,,273.0,161.0
93,Wythe County,"28,511","4,230",14.80%,612425,46401,86564,66536,533289,-4515,-6986,79669,1024568,46149,35644,1020053,533,150210,336554,28618,3180,39163,119832,15203,12023,453430,2019,349.0,1495.0,361.0,399.0,,,609.0,29.0,,78.0,,,227.0,,58.0,,389.0,77.0,,162.0,,150.0,,,57.0,245.0,,,1146.0,259.0,,,22.0,,500.0,334.0,1313.0,71.0,72.0,,,81.0,77.0,,,,2209.0,150.0,,108.0,130.0,,84.0,,264.0,,,59.0,316.0,,415.0,,,54.0,,,756.0,,,370.0,,35.0,64.0,163.0,29.0,198.0,1900.0,,,65.0,240.0,,,,20.0,40.0,,,9979.0,,689.0,504.0,437.0,,,38.0,,,465.0,33.0
94,York County,"66,234","3,273",4.90%,1650761,110577,221383,178758,3095743,1467,698,199956,4838224,144961,59892,4839691,1644938,1067740,676208,80807,8133,145659,310762,35493,27360,1194340,2019,1242.0,4076.0,1593.0,1645.0,19.0,,986.0,960.0,,971.0,,,479.0,,93.0,,1451.0,493.0,,324.0,35.0,520.0,168.0,107.0,54.0,479.0,15.0,1.0,2834.0,774.0,,,72.0,,139.0,1223.0,2379.0,144.0,200.0,,,265.0,130.0,,,362.0,350.0,140.0,276.0,,,,132.0,,491.0,,,68.0,386.0,,1137.0,,10.0,229.0,,,,,27.0,5528.0,,237.0,292.0,486.0,55.0,422.0,3831.0,,25.0,375.0,758.0,109.0,,,24.0,18.0,,,20740.0,,,132.0,40.0,122.0,,52.0,,31.0,447.0,
95,Alexandria city,"156,261","16,108",10.30%,10464576,610359,1205799,1148492,10129189,0,0,1184605,14296000,794110,89884,14296000,849218,3239706,927105,159050,26977,794110,1780045,124505,97528,7890421,2019,1393.0,8667.0,13555.0,13639.0,,113.0,2302.0,1023.0,,1353.0,,,319.0,,754.0,20.0,1962.0,623.0,549.0,1751.0,1031.0,3174.0,,122.0,32.0,3125.0,,983.0,7274.0,2187.0,,,331.0,,220.0,657.0,7847.0,404.0,147.0,,10.0,2168.0,925.0,,,1456.0,1635.0,523.0,748.0,,,44.0,478.0,222.0,1686.0,39.0,,130.0,1334.0,339.0,11076.0,,291.0,1820.0,,,,,410.0,35592.0,275.0,1187.0,1300.0,8642.0,109.0,614.0,7541.0,,449.0,2180.0,1192.0,253.0,,,88.0,300.0,,34.0,83150.0,356.0,,1261.0,80.0,,,84.0,,6.0,1277.0,
96,Chesapeake city,"233,787","20,024",8.60%,6844595,435812,802678,753614,8205304,5390,1074,812619,12266703,367816,50008,12272093,2173328,2023864,2042925,245403,26296,368890,1179485,137671,111375,5296220,2019,945.0,10920.0,7930.0,8570.0,8.0,24.0,6122.0,1332.0,,1351.0,,93.0,1416.0,,1265.0,75.0,8647.0,1078.0,301.0,2687.0,650.0,3174.0,,360.0,250.0,4449.0,,159.0,9975.0,2396.0,,,697.0,53.0,793.0,3390.0,9991.0,698.0,1692.0,,8.0,2371.0,1640.0,,848.0,5284.0,4740.0,3069.0,866.0,,,92.0,664.0,320.0,2908.0,,677.0,278.0,1336.0,,4651.0,223.0,19.0,1088.0,,20.0,272.0,,266.0,18032.0,110.0,892.0,1615.0,1719.0,717.0,1844.0,15252.0,,120.0,1455.0,5877.0,387.0,,,640.0,1198.0,,,94522.0,47.0,1574.0,4564.0,1737.0,256.0,1694.0,640.0,92.0,57.0,3992.0,192.0
97,Hampton city,"130,088","19,751",15.20%,4610261,271177,769292,549030,3343308,0,0,545692,5713242,104901,42305,5713242,-721261,983059,1386875,135048,12737,104901,1043807,77430,64693,3461553,2019,569.0,6315.0,4100.0,4212.0,,,2556.0,312.0,,543.0,66.0,28.0,682.0,7.0,638.0,309.0,1911.0,307.0,,612.0,154.0,3872.0,,28.0,576.0,885.0,,,5746.0,1475.0,,,117.0,5.0,403.0,1099.0,8071.0,401.0,283.0,3171.0,,871.0,229.0,,82.0,280.0,2099.0,467.0,283.0,,,31.0,243.0,542.0,1169.0,,,100.0,861.0,,1871.0,,147.0,340.0,,,,,13.0,10490.0,,642.0,763.0,1086.0,121.0,445.0,6619.0,,44.0,1483.0,1321.0,264.0,,,136.0,138.0,,,42945.0,20.0,,556.0,145.0,,,112.0,,23.0,773.0,
98,Newport News city,"170,540","26,138",15.30%,8511159,490488,1192017,1000516,4567517,0,0,990746,7467480,240590,41547,7467480,-2952896,1256498,1643465,179736,17374,240590,1692275,132486,115112,6578294,2019,650.0,8757.0,6001.0,6098.0,14.0,56.0,7205.0,973.0,,1191.0,265.0,,653.0,,1199.0,182.0,2702.0,635.0,,1232.0,477.0,2134.0,,239.0,489.0,1671.0,14.0,595.0,8107.0,1602.0,,,386.0,102.0,525.0,2150.0,15511.0,580.0,114.0,4490.0,15.0,1717.0,317.0,,492.0,5116.0,27487.0,1747.0,365.0,,,23.0,573.0,4.0,1631.0,207.0,37.0,81.0,2485.0,,2790.0,,11.0,902.0,,,131.0,,186.0,8996.0,147.0,1154.0,1352.0,1307.0,198.0,581.0,9866.0,,122.0,1331.0,1953.0,247.0,,,373.0,1063.0,,27.0,91021.0,20.0,23504.0,1480.0,352.0,,232.0,97.0,,5.0,2117.0,
99,Norfolk city,"218,762","41,016",18.70%,13395684,744926,2167004,1604474,5469687,0,0,1547163,9610101,125227,39453,9610101,-6378834,2044641,2095773,243581,24079,125227,2969241,193566,169487,10301216,2019,1455.0,12042.0,8488.0,8855.0,,1370.0,8306.0,689.0,,1506.0,108.0,539.0,709.0,,2048.0,109.0,3884.0,879.0,413.0,1499.0,70.0,4192.0,,178.0,306.0,4496.0,,268.0,10587.0,2254.0,,,377.0,228.0,622.0,1789.0,21124.0,807.0,616.0,8056.0,20.0,2334.0,2117.0,,318.0,5196.0,6975.0,2037.0,1773.0,,,92.0,683.0,135.0,1629.0,372.0,229.0,333.0,2719.0,465.0,4715.0,,445.0,1140.0,30.0,,81.0,,664.0,22590.0,533.0,2993.0,3632.0,2261.0,635.0,1314.0,11595.0,74.0,880.0,2043.0,2389.0,166.0,,,3586.0,592.0,,44.0,108816.0,319.0,4364.0,7120.0,533.0,,224.0,367.0,583.0,415.0,4225.0,
100,Portsmouth city,"91,156","15,312",16.80%,4430689,246547,849649,514532,2223456,0,0,503813,3857256,153513,40782,3857256,-1703420,621620,1012180,94582,8607,153513,1106915,61320,52713,3170261,2019,166.0,2778.0,2016.0,2252.0,,,2127.0,192.0,,222.0,,,250.0,,125.0,,2157.0,151.0,,267.0,,422.0,,54.0,229.0,383.0,,93.0,2612.0,995.0,,,53.0,,259.0,533.0,7277.0,256.0,762.0,,,141.0,112.0,,,570.0,876.0,395.0,196.0,,,17.0,188.0,,439.0,,91.0,17.0,1301.0,,1811.0,,30.0,445.0,,,,,23.0,2686.0,,267.0,388.0,743.0,108.0,623.0,3184.0,,4.0,629.0,1244.0,15.0,,,1360.0,141.0,,,25744.0,14.0,319.0,1807.0,365.0,66.0,,236.0,,3.0,594.0,
101,Richmond city,"216,099","50,200",23.20%,14931755,881642,1780724,1531298,7437338,0,0,1647291,12750699,1162921,55191,12750699,-5847126,3254085,2059276,231027,31527,1162921,2546373,204415,172888,11222461,2019,2666.0,15493.0,7687.0,8175.0,,,5532.0,1283.0,28.0,2944.0,2214.0,275.0,726.0,78.0,974.0,,5691.0,1457.0,468.0,4538.0,206.0,8756.0,110.0,97.0,436.0,10637.0,,238.0,12827.0,2961.0,,66.0,262.0,399.0,564.0,841.0,25476.0,858.0,806.0,14167.0,20.0,2047.0,1389.0,,279.0,8664.0,5223.0,2874.0,1286.0,,,85.0,651.0,436.0,1027.0,545.0,33.0,589.0,1903.0,469.0,8427.0,780.0,1116.0,2262.0,7.0,232.0,,,316.0,23596.0,307.0,2125.0,2698.0,5368.0,572.0,797.0,9742.0,,2993.0,3874.0,3428.0,192.0,,,406.0,354.0,,47.0,128474.0,1062.0,9.0,4809.0,2326.0,4678.0,220.0,488.0,,42.0,4202.0,43.0
102,Roanoke city,"97,449","20,240",20.80%,4663469,291624,554444,539960,2261475,0,0,561604,4215302,208394,42486,4215302,-1840390,835817,1118010,99216,9721,208394,824424,81099,71378,3630651,2019,870.0,6679.0,3995.0,4148.0,,196.0,3149.0,420.0,,604.0,,200.0,646.0,169.0,1080.0,,3334.0,627.0,1420.0,1186.0,13.0,1186.0,511.0,243.0,281.0,3453.0,,354.0,5809.0,1324.0,,,251.0,208.0,166.0,1667.0,15524.0,340.0,808.0,,4.0,653.0,1823.0,,51.0,26570.0,4207.0,1916.0,1289.0,,,425.0,436.0,51.0,1318.0,68.0,132.0,1074.0,2543.0,25.0,2591.0,,116.0,868.0,,,629.0,,133.0,5644.0,144.0,616.0,895.0,1148.0,279.0,575.0,8857.0,,444.0,1923.0,1899.0,312.0,,,146.0,220.0,,,75238.0,606.0,349.0,4007.0,837.0,674.0,802.0,153.0,,39.0,3244.0,
103,Suffolk city,"89,418","9,267",10.40%,2388109,156009,292172,262554,3043349,21957,12518,287286,4779177,131246,52030,4801134,942526,846602,911183,92277,10472,143764,423449,45458,34986,1820896,2019,294.0,3526.0,1189.0,1221.0,7.0,,2822.0,314.0,,326.0,,,336.0,109.0,248.0,,1196.0,282.0,,688.0,,776.0,,27.0,127.0,793.0,,900.0,3232.0,1183.0,,,55.0,,244.0,955.0,5069.0,237.0,278.0,,,159.0,77.0,,126.0,,1711.0,228.0,963.0,10.0,10.0,18.0,179.0,64.0,496.0,,116.0,80.0,822.0,,1469.0,,10.0,421.0,,,,,,2132.0,,205.0,253.0,771.0,48.0,277.0,4119.0,,28.0,626.0,636.0,79.0,,,90.0,79.0,,,25065.0,30.0,,2375.0,258.0,,1982.0,32.0,,16.0,1207.0,
104,Virginia Beach city,"439,531","32,183",7.30%,14300231,867009,1825039,1544850,16247369,-743,-2214,1639434,25925615,1374400,57513,25924872,3586572,5835099,3842404,450766,58390,1372186,2597464,269803,211413,10330581,2019,3605.0,25676.0,11269.0,11581.0,24.0,,11983.0,3116.0,28.0,3688.0,150.0,1419.0,1807.0,48.0,2586.0,245.0,10832.0,2387.0,209.0,3689.0,646.0,8084.0,198.0,633.0,361.0,11875.0,9.0,177.0,22071.0,5839.0,,,699.0,97.0,1054.0,3986.0,21397.0,2030.0,1552.0,2462.0,4.0,3479.0,7688.0,70.0,2140.0,5044.0,6156.0,2603.0,1001.0,,,889.0,1428.0,558.0,3077.0,68.0,240.0,436.0,3851.0,49.0,7732.0,,504.0,3051.0,,,466.0,,266.0,31074.0,294.0,4699.0,5385.0,3021.0,616.0,1660.0,24501.0,22.0,494.0,3101.0,6893.0,926.0,13.0,,758.0,513.0,,31.0,160538.0,189.0,415.0,1943.0,656.0,614.0,84.0,312.0,,253.0,3857.0,41.0
